{"cameraMode":{"drawMode":0,"name":"Shaded","section":"Shading Mode"},"sceneLighting":false,"audioPlay":false,"sceneViewState":{"showFog":false,"showMaterialUpdate":false,"showSkybox":false,"showFlares":true,"showImageEffects":true,"showParticleSystems":true},"in2DMode":false,"pivot":{"x":7.890000343322754,"y":2.1800003051757814,"z":-26.700000762939454},"rotation":{"x":-0.1728397160768509,"y":0.579220175743103,"z":-0.12725761532783509,"w":-0.7864639759063721},"size":2.467581033706665,"orthographic":false}