{"cameraMode":{"drawMode":0,"name":"Shaded","section":"Shading Mode"},"sceneLighting":false,"audioPlay":false,"sceneViewState":{"showFog":false,"showMaterialUpdate":false,"showSkybox":false,"showFlares":true,"showImageEffects":true,"showParticleSystems":true},"in2DMode":false,"pivot":{"x":370.9000244140625,"y":4.0,"z":271.9000244140625},"rotation":{"x":-0.24923759698867799,"y":0.38083744049072268,"z":-0.10734637826681137,"w":-0.8839643597602844},"size":403.80718994140627,"orthographic":false}