{"cameraMode":{"drawMode":0,"name":"Shaded","section":"Shading Mode"},"sceneLighting":false,"audioPlay":false,"sceneViewState":{"showFog":false,"showMaterialUpdate":false,"showSkybox":false,"showFlares":true,"showImageEffects":true,"showParticleSystems":true},"in2DMode":false,"pivot":{"x":476.2456359863281,"y":47.35710144042969,"z":240.25404357910157},"rotation":{"x":-0.30852586030960085,"y":-0.030812619253993036,"z":0.01000677328556776,"w":-0.9506762027740479},"size":7.35950231552124,"orthographic":false}