{"cameraMode":{"drawMode":0,"name":"Shaded","section":"Shading Mode"},"sceneLighting":true,"audioPlay":false,"sceneViewState":{"showFog":false,"showMaterialUpdate":false,"showSkybox":true,"showFlares":true,"showImageEffects":true,"showParticleSystems":true},"in2DMode":false,"pivot":{"x":299.92327880859377,"y":286.0141296386719,"z":694.4749755859375},"rotation":{"x":0.22264647483825684,"y":0.7632766962051392,"z":-0.33702921867370608,"w":0.5042316913604736},"size":92.95731353759766,"orthographic":false}